phi1_fine,dm_interp
-20.0,16.825035095214844
-19.98499298095703,16.825035095214844
-19.96998405456543,16.825035095214844
-19.95497703552246,16.825035095214844
-19.939970016479492,16.825035095214844
-19.924962997436523,16.825035095214844
-19.909954071044922,16.825035095214844
-19.894947052001953,16.825035095214844
-19.879940032958984,16.825035095214844
-19.864933013916016,16.825035095214844
-19.849924087524414,16.825035095214844
-19.834917068481445,16.825035095214844
-19.819910049438477,16.825035095214844
-19.804903030395508,16.825035095214844
-19.789894104003906,16.825035095214844
-19.774887084960938,16.825035095214844
-19.75988006591797,16.825035095214844
-19.744873046875,16.825035095214844
-19.7298641204834,16.825035095214844
-19.71485710144043,16.825035095214844
-19.69985008239746,16.825035095214844
-19.684843063354492,16.825035095214844
-19.66983413696289,16.825035095214844
-19.654827117919922,16.825035095214844
-19.639820098876953,16.825035095214844
-19.624813079833984,16.825035095214844
-19.609804153442383,16.825035095214844
-19.594797134399414,16.825035095214844
-19.579790115356445,16.825035095214844
-19.564783096313477,16.825035095214844
-19.549774169921875,16.825035095214844
-19.534767150878906,16.825035095214844
-19.519760131835938,16.825035095214844
-19.50475311279297,16.825035095214844
-19.489744186401367,16.825035095214844
-19.4747371673584,16.825035095214844
-19.45973014831543,16.825035095214844
-19.44472312927246,16.825035095214844
-19.42971420288086,16.825035095214844
-19.41470718383789,16.825035095214844
-19.399700164794922,16.825035095214844
-19.384693145751953,16.825035095214844
-19.36968421936035,16.825035095214844
-19.354677200317383,16.825035095214844
-19.339670181274414,16.825035095214844
-19.324663162231445,16.825035095214844
-19.309654235839844,16.825035095214844
-19.294647216796875,16.825035095214844
-19.279640197753906,16.825035095214844
-19.264633178710938,16.825035095214844
-19.249624252319336,16.825035095214844
-19.234617233276367,16.825035095214844
-19.2196102142334,16.825035095214844
-19.20460319519043,16.825035095214844
-19.189594268798828,16.825035095214844
-19.17458724975586,16.825035095214844
-19.15958023071289,16.825035095214844
-19.144573211669922,16.825035095214844
-19.12956428527832,16.825035095214844
-19.11455726623535,16.825035095214844
-19.099550247192383,16.825035095214844
-19.08454132080078,16.825035095214844
-19.069534301757812,16.825035095214844
-19.054527282714844,16.825035095214844
-19.039520263671875,16.825035095214844
-19.024511337280273,16.825035095214844
-19.009504318237305,16.825035095214844
-18.994497299194336,16.825035095214844
-18.979490280151367,16.825035095214844
-18.964481353759766,16.825035095214844
-18.949474334716797,16.825035095214844
-18.934467315673828,16.825035095214844
-18.91946029663086,16.825035095214844
-18.904451370239258,16.825035095214844
-18.88944435119629,16.825035095214844
-18.87443733215332,16.825035095214844
-18.85943031311035,16.825035095214844
-18.84442138671875,16.825035095214844
-18.82941436767578,16.825035095214844
-18.814407348632812,16.825035095214844
-18.799400329589844,16.825035095214844
-18.784391403198242,16.825035095214844
-18.769384384155273,16.825035095214844
-18.754377365112305,16.825035095214844
-18.739370346069336,16.825035095214844
-18.724361419677734,16.825035095214844
-18.709354400634766,16.825035095214844
-18.694347381591797,16.825035095214844
-18.679340362548828,16.825035095214844
-18.664331436157227,16.825035095214844
-18.649324417114258,16.825035095214844
-18.63431739807129,16.825035095214844
-18.61931037902832,16.825035095214844
-18.60430145263672,16.825035095214844
-18.58929443359375,16.825035095214844
-18.57428741455078,16.825035095214844
-18.559280395507812,16.825035095214844
-18.54427146911621,16.825035095214844
-18.529264450073242,16.825035095214844
-18.514257431030273,16.825035095214844
-18.499250411987305,16.825035095214844
-18.484241485595703,16.825035095214844
-18.469234466552734,16.825035095214844
-18.454227447509766,16.825035095214844
-18.439220428466797,16.825035095214844
-18.424211502075195,16.825035095214844
-18.409204483032227,16.825035095214844
-18.394197463989258,16.825035095214844
-18.37919044494629,16.825035095214844
-18.364181518554688,16.825035095214844
-18.34917449951172,16.825035095214844
-18.33416748046875,16.825035095214844
-18.31916046142578,16.825035095214844
-18.30415153503418,16.825035095214844
-18.28914451599121,16.825035095214844
-18.274137496948242,16.825035095214844
-18.259130477905273,16.825035095214844
-18.244121551513672,16.825035095214844
-18.229114532470703,16.825035095214844
-18.214107513427734,16.825035095214844
-18.199100494384766,16.825035095214844
-18.184091567993164,16.825035095214844
-18.169084548950195,16.825035095214844
-18.154077529907227,16.825035095214844
-18.139068603515625,16.825035095214844
-18.124061584472656,16.825035095214844
-18.109054565429688,16.825035095214844
-18.09404754638672,16.825035095214844
-18.079038619995117,16.825035095214844
-18.06403160095215,16.825035095214844
-18.04902458190918,16.825035095214844
-18.03401756286621,16.825035095214844
-18.01900863647461,16.825035095214844
-18.00400161743164,16.825035095214844
-17.988994598388672,16.825035095214844
-17.973987579345703,16.825035095214844
-17.9589786529541,16.825035095214844
-17.943971633911133,16.825035095214844
-17.928964614868164,16.825035095214844
-17.913957595825195,16.825035095214844
-17.898948669433594,16.825035095214844
-17.883941650390625,16.825035095214844
-17.868934631347656,16.825035095214844
-17.853927612304688,16.825035095214844
-17.838918685913086,16.825035095214844
-17.823911666870117,16.825035095214844
-17.80890464782715,16.825035095214844
-17.79389762878418,16.825035095214844
-17.778888702392578,16.825035095214844
-17.76388168334961,16.825035095214844
-17.74887466430664,16.825035095214844
-17.733867645263672,16.825035095214844
-17.71885871887207,16.825035095214844
-17.7038516998291,16.825035095214844
-17.688844680786133,16.825035095214844
-17.673837661743164,16.825035095214844
-17.658828735351562,16.825035095214844
-17.643821716308594,16.825035095214844
-17.628814697265625,16.825035095214844
-17.613807678222656,16.825035095214844
-17.598798751831055,16.825035095214844
-17.583791732788086,16.825035095214844
-17.568784713745117,16.825035095214844
-17.55377769470215,16.825035095214844
-17.538768768310547,16.825035095214844
-17.523761749267578,16.825035095214844
-17.50875473022461,16.825035095214844
-17.49374771118164,16.825035095214844
-17.47873878479004,16.825035095214844
-17.46373176574707,16.825035095214844
-17.4487247467041,16.825035095214844
-17.433717727661133,16.825035095214844
-17.41870880126953,16.825035095214844
-17.403701782226562,16.825035095214844
-17.388694763183594,16.825035095214844
-17.373687744140625,16.825035095214844
-17.358678817749023,16.825035095214844
-17.343671798706055,16.825035095214844
-17.328664779663086,16.825035095214844
-17.313657760620117,16.825035095214844
-17.298648834228516,16.825035095214844
-17.283641815185547,16.825035095214844
-17.268634796142578,16.825035095214844
-17.253625869750977,16.825035095214844
-17.238618850708008,16.825035095214844
-17.22361183166504,16.825035095214844
-17.20860481262207,16.825035095214844
-17.19359588623047,16.825035095214844
-17.1785888671875,16.825035095214844
-17.16358184814453,16.825035095214844
-17.148574829101562,16.825035095214844
-17.13356590270996,16.825035095214844
-17.118558883666992,16.825035095214844
-17.103551864624023,16.825035095214844
-17.088544845581055,16.825035095214844
-17.073535919189453,16.825035095214844
-17.058528900146484,16.825035095214844
-17.043521881103516,16.825035095214844
-17.028514862060547,16.825035095214844
-17.013505935668945,16.825035095214844
-16.998498916625977,16.825035095214844
-16.983491897583008,16.825035095214844
-16.96848487854004,16.825035095214844
-16.953475952148438,16.825035095214844
-16.93846893310547,16.825035095214844
-16.9234619140625,16.825035095214844
-16.90845489501953,16.825035095214844
-16.89344596862793,16.825035095214844
-16.87843894958496,16.825035095214844
-16.863431930541992,16.825035095214844
-16.848424911499023,16.825035095214844
-16.833415985107422,16.825035095214844
-16.818408966064453,16.825035095214844
-16.803401947021484,16.825035095214844
-16.788394927978516,16.825035095214844
-16.773386001586914,16.825035095214844
-16.758378982543945,16.825035095214844
-16.743371963500977,16.825035095214844
-16.728364944458008,16.825035095214844
-16.713356018066406,16.825035095214844
-16.698348999023438,16.825035095214844
-16.68334197998047,16.825035095214844
-16.6683349609375,16.825035095214844
-16.6533260345459,16.825035095214844
-16.63831901550293,16.825035095214844
-16.62331199645996,16.825035095214844
-16.608304977416992,16.825035095214844
-16.59329605102539,16.825035095214844
-16.578289031982422,16.825035095214844
-16.563282012939453,16.825035095214844
-16.548274993896484,16.825035095214844
-16.533266067504883,16.825035095214844
-16.518259048461914,16.825035095214844
-16.503252029418945,16.825035095214844
-16.488245010375977,16.825035095214844
-16.473236083984375,16.825035095214844
-16.458229064941406,16.825035095214844
-16.443222045898438,16.825035095214844
-16.42821502685547,16.825035095214844
-16.413206100463867,16.825035095214844
-16.3981990814209,16.825035095214844
-16.38319206237793,16.825035095214844
-16.36818504333496,16.825035095214844
-16.35317611694336,16.825035095214844
-16.33816909790039,16.825035095214844
-16.323162078857422,16.825035095214844
-16.30815315246582,16.825035095214844
-16.29314613342285,16.825035095214844
-16.278139114379883,16.825035095214844
-16.263132095336914,16.825035095214844
-16.248123168945312,16.825035095214844
-16.233116149902344,16.825035095214844
-16.218109130859375,16.825035095214844
-16.203102111816406,16.825035095214844
-16.188093185424805,16.825035095214844
-16.173086166381836,16.825035095214844
-16.158079147338867,16.825035095214844
-16.1430721282959,16.825035095214844
-16.128063201904297,16.825035095214844
-16.113056182861328,16.825035095214844
-16.09804916381836,16.825035095214844
-16.08304214477539,16.825035095214844
-16.06803321838379,16.825035095214844
-16.05302619934082,16.825035095214844
-16.03801918029785,16.825035095214844
-16.023012161254883,16.825035095214844
-16.00800323486328,16.825035095214844
-15.992996215820312,16.825035095214844
-15.977989196777344,16.825035095214844
-15.962981224060059,16.825035095214844
-15.94797420501709,16.825035095214844
-15.932966232299805,16.825035095214844
-15.917959213256836,16.825035095214844
-15.90295124053955,16.825035095214844
-15.887944221496582,16.825035095214844
-15.872936248779297,16.825035095214844
-15.857929229736328,16.825035095214844
-15.842921257019043,16.825035095214844
-15.827914237976074,16.825035095214844
-15.812906265258789,16.825035095214844
-15.79789924621582,16.825035095214844
-15.782891273498535,16.825035095214844
-15.767884254455566,16.825035095214844
-15.752876281738281,16.825035095214844
-15.737869262695312,16.825035095214844
-15.722861289978027,16.825035095214844
-15.707854270935059,16.825035095214844
-15.692846298217773,16.825035095214844
-15.677839279174805,16.825035095214844
-15.66283130645752,16.825035095214844
-15.64782428741455,16.825035095214844
-15.632816314697266,16.825035095214844
-15.617809295654297,16.825035095214844
-15.602801322937012,16.825035095214844
-15.587794303894043,16.825035095214844
-15.572786331176758,16.825035095214844
-15.557779312133789,16.825035095214844
-15.542771339416504,16.825035095214844
-15.527764320373535,16.825035095214844
-15.51275634765625,16.825035095214844
-15.497749328613281,16.825035095214844
-15.482741355895996,16.825035095214844
-15.467734336853027,16.825035095214844
-15.452726364135742,16.825035095214844
-15.437718391418457,16.825035095214844
-15.422711372375488,16.825035095214844
-15.407703399658203,16.825035095214844
-15.392696380615234,16.825035095214844
-15.37768840789795,16.825035095214844
-15.36268138885498,16.825035095214844
-15.347673416137695,16.825035095214844
-15.332666397094727,16.825035095214844
-15.317658424377441,16.825035095214844
-15.302651405334473,16.825035095214844
-15.287643432617188,16.825035095214844
-15.272636413574219,16.825035095214844
-15.257628440856934,16.825035095214844
-15.242621421813965,16.825035095214844
-15.22761344909668,16.825035095214844
-15.212606430053711,16.825035095214844
-15.197598457336426,16.825035095214844
-15.182591438293457,16.825035095214844
-15.167583465576172,16.825035095214844
-15.152576446533203,16.825035095214844
-15.137568473815918,16.825035095214844
-15.12256145477295,16.825035095214844
-15.107553482055664,16.825035095214844
-15.092546463012695,16.825035095214844
-15.07753849029541,16.825035095214844
-15.062531471252441,16.825035095214844
-15.047523498535156,16.825035095214844
-15.032516479492188,16.825035095214844
-15.017508506774902,16.825035095214844
-15.002501487731934,16.825035095214844
-14.987493515014648,16.82496452331543
-14.97248649597168,16.824878692626953
-14.957478523254395,16.82479476928711
-14.942471504211426,16.824708938598633
-14.92746353149414,16.824623107910156
-14.912456512451172,16.824539184570312
-14.897448539733887,16.824453353881836
-14.882441520690918,16.824369430541992
-14.867433547973633,16.824283599853516
-14.852426528930664,16.824199676513672
-14.837418556213379,16.824113845825195
-14.82241153717041,16.82402992248535
-14.807403564453125,16.823944091796875
-14.792396545410156,16.82386016845703
-14.777388572692871,16.823774337768555
-14.762381553649902,16.82369041442871
-14.747373580932617,16.823604583740234
-14.732366561889648,16.82352066040039
-14.717358589172363,16.823434829711914
-14.702351570129395,16.82335090637207
-14.68734359741211,16.823265075683594
-14.67233657836914,16.82318115234375
-14.657328605651855,16.823095321655273
-14.642321586608887,16.82301139831543
-14.627313613891602,16.822925567626953
-14.612306594848633,16.82284164428711
-14.597298622131348,16.822755813598633
-14.582291603088379,16.82267189025879
-14.567283630371094,16.822586059570312
-14.552276611328125,16.82250213623047
-14.53726863861084,16.822416305541992
-14.522260665893555,16.82233238220215
-14.507253646850586,16.822246551513672
-14.4922456741333,16.822162628173828
-14.477238655090332,16.82207679748535
-14.462230682373047,16.821992874145508
-14.447223663330078,16.82190704345703
-14.432215690612793,16.821823120117188
-14.417208671569824,16.82173728942871
-14.402200698852539,16.821653366088867
-14.38719367980957,16.82156753540039
-14.372185707092285,16.821483612060547
-14.357178688049316,16.82139778137207
-14.342170715332031,16.821313858032227
-14.327163696289062,16.82122802734375
-14.312155723571777,16.821142196655273
-14.297148704528809,16.82105827331543
-14.282140731811523,16.820972442626953
-14.267133712768555,16.82088851928711
-14.25212574005127,16.820802688598633
-14.2371187210083,16.82071876525879
-14.222110748291016,16.820632934570312
-14.207103729248047,16.82054901123047
-14.192095756530762,16.820463180541992
-14.177088737487793,16.82037925720215
-14.162080764770508,16.820293426513672
-14.147073745727539,16.820209503173828
-14.132065773010254,16.82012367248535
-14.117058753967285,16.820039749145508
-14.10205078125,16.81995391845703
-14.087043762207031,16.819869995117188
-14.072035789489746,16.81978416442871
-14.057028770446777,16.819700241088867
-14.042020797729492,16.81961441040039
-14.027013778686523,16.819530487060547
-14.012005805969238,16.81944465637207
-13.99699878692627,16.819360733032227
-13.981990814208984,16.81927490234375
-13.966983795166016,16.819190979003906
-13.95197582244873,16.81910514831543
-13.936968803405762,16.819021224975586
-13.921960830688477,16.81893539428711
-13.906953811645508,16.818851470947266
-13.891945838928223,16.81876564025879
-13.876938819885254,16.818681716918945
-13.861930847167969,16.81859588623047
-13.846923828125,16.818511962890625
-13.831915855407715,16.81842613220215
-13.816908836364746,16.818342208862305
-13.801900863647461,16.818256378173828
-13.786893844604492,16.818172454833984
-13.771885871887207,16.818086624145508
-13.756878852844238,16.818002700805664
-13.741870880126953,16.817916870117188
-13.726863861083984,16.817832946777344
-13.7118558883667,16.817747116088867
-13.69684886932373,16.81766128540039
-13.681840896606445,16.817577362060547
-13.666833877563477,16.81749153137207
-13.651825904846191,16.817407608032227
-13.636818885803223,16.81732177734375
-13.621810913085938,16.817237854003906
-13.606802940368652,16.81715202331543
-13.591795921325684,16.817068099975586
-13.576787948608398,16.81698226928711
-13.56178092956543,16.816898345947266
-13.546772956848145,16.81681251525879
-13.531765937805176,16.816728591918945
-13.51675796508789,16.81664276123047
-13.501750946044922,16.816558837890625
-13.486742973327637,16.81647300720215
-13.471735954284668,16.816389083862305
-13.456727981567383,16.816303253173828
-13.441720962524414,16.816219329833984
-13.426712989807129,16.816133499145508
-13.41170597076416,16.816049575805664
-13.396697998046875,16.815963745117188
-13.381690979003906,16.815879821777344
-13.366683006286621,16.815793991088867
-13.351675987243652,16.815710067749023
-13.336668014526367,16.815624237060547
-13.321660995483398,16.815540313720703
-13.306653022766113,16.815454483032227
-13.291646003723145,16.815370559692383
-13.27663803100586,16.815284729003906
-13.26163101196289,16.815200805664062
-13.246623039245605,16.815114974975586
-13.231616020202637,16.815031051635742
-13.216608047485352,16.814945220947266
-13.201601028442383,16.814861297607422
-13.186593055725098,16.814775466918945
-13.171586036682129,16.8146915435791
-13.156578063964844,16.814605712890625
-13.141571044921875,16.81452178955078
-13.12656307220459,16.814435958862305
-13.111556053161621,16.81435203552246
-13.096548080444336,16.814266204833984
-13.081541061401367,16.814180374145508
-13.066533088684082,16.814096450805664
-13.051526069641113,16.814010620117188
-13.036518096923828,16.813926696777344
-13.02151107788086,16.813840866088867
-13.006503105163574,16.813756942749023
-12.991496086120605,16.814363479614258
-12.97648811340332,16.81549835205078
-12.961481094360352,16.816631317138672
-12.946473121643066,16.817766189575195
-12.931466102600098,16.81890106201172
-12.916458129882812,16.820035934448242
-12.901451110839844,16.821170806884766
-12.886443138122559,16.822303771972656
-12.87143611907959,16.82343864440918
-12.856428146362305,16.824573516845703
-12.841421127319336,16.825708389282227
-12.82641315460205,16.82684326171875
-12.811406135559082,16.82797622680664
-12.796398162841797,16.829111099243164
-12.781391143798828,16.830245971679688
-12.766383171081543,16.83138084411621
-12.751376152038574,16.832515716552734
-12.736368179321289,16.833648681640625
-12.721360206604004,16.83478355407715
-12.706353187561035,16.835918426513672
-12.69134521484375,16.837053298950195
-12.676338195800781,16.83818817138672
-12.661330223083496,16.83932113647461
-12.646323204040527,16.840456008911133
-12.631315231323242,16.841590881347656
-12.616308212280273,16.84272575378418
-12.601300239562988,16.843860626220703
-12.58629322052002,16.844993591308594
-12.571285247802734,16.846128463745117
-12.556278228759766,16.84726333618164
-12.54127025604248,16.848398208618164
-12.526263236999512,16.849533081054688
-12.511255264282227,16.850666046142578
-12.496248245239258,16.8518009185791
-12.481240272521973,16.852935791015625
-12.466233253479004,16.85407066345215
-12.451225280761719,16.855205535888672
-12.43621826171875,16.856340408325195
-12.421210289001465,16.857473373413086
-12.406203269958496,16.85860824584961
-12.391195297241211,16.859743118286133
-12.376188278198242,16.860877990722656
-12.361180305480957,16.86201286315918
-12.346173286437988,16.86314582824707
-12.331165313720703,16.864280700683594
-12.316158294677734,16.865415573120117
-12.30115032196045,16.86655044555664
-12.28614330291748,16.867685317993164
-12.271135330200195,16.868818283081055
-12.256128311157227,16.869953155517578
-12.241120338439941,16.8710880279541
-12.226113319396973,16.872222900390625
-12.211105346679688,16.87335777282715
-12.196098327636719,16.87449073791504
-12.181090354919434,16.875625610351562
-12.166083335876465,16.876760482788086
-12.15107536315918,16.87789535522461
-12.136068344116211,16.879030227661133
-12.121060371398926,16.880163192749023
-12.106053352355957,16.881298065185547
-12.091045379638672,16.88243293762207
-12.076038360595703,16.883567810058594
-12.061030387878418,16.884702682495117
-12.04602336883545,16.885835647583008
-12.031015396118164,16.88697052001953
-12.016008377075195,16.888105392456055
-12.00100040435791,16.889240264892578
-11.985993385314941,16.8903751373291
-11.970985412597656,16.891508102416992
-11.955978393554688,16.892642974853516
-11.940970420837402,16.89377784729004
-11.925963401794434,16.894912719726562
-11.910955429077148,16.896047592163086
-11.89594841003418,16.89718246459961
-11.880940437316895,16.8983154296875
-11.865933418273926,16.899450302124023
-11.85092544555664,16.900585174560547
-11.835918426513672,16.90172004699707
-11.820910453796387,16.902854919433594
-11.805902481079102,16.903987884521484
-11.790895462036133,16.905122756958008
-11.775887489318848,16.90625762939453
-11.760880470275879,16.907392501831055
-11.745872497558594,16.908527374267578
-11.730865478515625,16.90966033935547
-11.71585750579834,16.910795211791992
-11.700850486755371,16.911930084228516
-11.685842514038086,16.91306495666504
-11.670835494995117,16.914199829101562
-11.655827522277832,16.915332794189453
-11.640820503234863,16.916467666625977
-11.625812530517578,16.9176025390625
-11.61080551147461,16.918737411499023
-11.595797538757324,16.919872283935547
-11.580790519714355,16.921005249023438
-11.56578254699707,16.92214012145996
-11.550775527954102,16.923274993896484
-11.535767555236816,16.924409866333008
-11.520760536193848,16.92554473876953
-11.505752563476562,16.926677703857422
-11.490745544433594,16.927812576293945
-11.475737571716309,16.92894744873047
-11.46073055267334,16.930082321166992
-11.445722579956055,16.931217193603516
-11.430715560913086,16.932350158691406
-11.4157075881958,16.93348503112793
-11.400700569152832,16.934619903564453
-11.385692596435547,16.935754776000977
-11.370685577392578,16.9368896484375
-11.355677604675293,16.938024520874023
-11.340670585632324,16.939157485961914
-11.325662612915039,16.940292358398438
-11.31065559387207,16.94142723083496
-11.295647621154785,16.942562103271484
-11.280640602111816,16.943696975708008
-11.265632629394531,16.9448299407959
-11.250625610351562,16.945964813232422
-11.235617637634277,16.947099685668945
-11.220610618591309,16.94823455810547
-11.205602645874023,16.949369430541992
-11.190595626831055,16.950502395629883
-11.17558765411377,16.951637268066406
-11.1605806350708,16.95277214050293
-11.145572662353516,16.953907012939453
-11.130565643310547,16.955041885375977
-11.115557670593262,16.956174850463867
-11.100550651550293,16.95730972290039
-11.085542678833008,16.958444595336914
-11.070535659790039,16.959579467773438
-11.055527687072754,16.96071434020996
-11.040520668029785,16.96184730529785
-11.0255126953125,16.962982177734375
-11.010505676269531,16.9641170501709
-10.995497703552246,16.96487045288086
-10.980490684509277,16.96473503112793
-10.965482711791992,16.964599609375
-10.950475692749023,16.96446418762207
-10.935467720031738,16.96432876586914
-10.92046070098877,16.96419334411621
-10.905452728271484,16.964059829711914
-10.8904447555542,16.963924407958984
-10.87543773651123,16.963788986206055
-10.860429763793945,16.963653564453125
-10.845422744750977,16.963518142700195
-10.830414772033691,16.963382720947266
-10.815407752990723,16.963247299194336
-10.800399780273438,16.963111877441406
-10.785392761230469,16.962976455688477
-10.770384788513184,16.962841033935547
-10.755377769470215,16.962705612182617
-10.74036979675293,16.962570190429688
-10.725362777709961,16.962434768676758
-10.710354804992676,16.962299346923828
-10.695347785949707,16.9621639251709
-10.680339813232422,16.96202850341797
-10.665332794189453,16.961894989013672
-10.650324821472168,16.961759567260742
-10.6353178024292,16.961624145507812
-10.620309829711914,16.961488723754883
-10.605302810668945,16.961353302001953
-10.59029483795166,16.961217880249023
-10.575287818908691,16.961082458496094
-10.560279846191406,16.960947036743164
-10.545272827148438,16.960811614990234
-10.530264854431152,16.960676193237305
-10.515257835388184,16.960540771484375
-10.500249862670898,16.960405349731445
-10.48524284362793,16.960269927978516
-10.470234870910645,16.960134506225586
-10.455227851867676,16.959999084472656
-10.44021987915039,16.95986557006836
-10.425212860107422,16.95973014831543
-10.410204887390137,16.9595947265625
-10.395197868347168,16.95945930480957
-10.380189895629883,16.95932388305664
-10.365182876586914,16.95918846130371
-10.350174903869629,16.95905303955078
-10.33516788482666,16.95891761779785
-10.320159912109375,16.958782196044922
-10.305152893066406,16.958646774291992
-10.290144920349121,16.958511352539062
-10.275137901306152,16.958375930786133
-10.260129928588867,16.958240509033203
-10.245122909545898,16.958105087280273
-10.230114936828613,16.957969665527344
-10.215107917785645,16.957836151123047
-10.20009994506836,16.957700729370117
-10.18509292602539,16.957565307617188
-10.170084953308105,16.957429885864258
-10.155077934265137,16.957294464111328
-10.140069961547852,16.9571590423584
-10.125062942504883,16.95702362060547
-10.110054969787598,16.95688819885254
-10.095047950744629,16.95675277709961
-10.080039978027344,16.95661735534668
-10.065032958984375,16.95648193359375
-10.05002498626709,16.95634651184082
-10.035017967224121,16.95621109008789
-10.020009994506836,16.95607566833496
-10.005002975463867,16.95594024658203
-9.989995002746582,16.955806732177734
-9.974987030029297,16.955671310424805
-9.959980010986328,16.955535888671875
-9.944972038269043,16.955400466918945
-9.929965019226074,16.955265045166016
-9.914957046508789,16.955129623413086
-9.89995002746582,16.954994201660156
-9.884942054748535,16.954858779907227
-9.869935035705566,16.954723358154297
-9.854927062988281,16.954587936401367
-9.839920043945312,16.954452514648438
-9.824912071228027,16.954317092895508
-9.809905052185059,16.954181671142578
-9.794897079467773,16.95404624938965
-9.779890060424805,16.95391082763672
-9.76488208770752,16.95377540588379
-9.74987506866455,16.953641891479492
-9.734867095947266,16.953506469726562
-9.719860076904297,16.953371047973633
-9.704852104187012,16.953235626220703
-9.689845085144043,16.953100204467773
-9.674837112426758,16.952964782714844
-9.659830093383789,16.952829360961914
-9.644822120666504,16.952693939208984
-9.629815101623535,16.952558517456055
-9.61480712890625,16.952423095703125
-9.599800109863281,16.952287673950195
-9.584792137145996,16.952152252197266
-9.569785118103027,16.952016830444336
-9.554777145385742,16.951881408691406
-9.539770126342773,16.951745986938477
-9.524762153625488,16.95161247253418
-9.50975513458252,16.95147705078125
-9.494747161865234,16.95134162902832
-9.479740142822266,16.95120620727539
-9.46473217010498,16.95107078552246
-9.449725151062012,16.95093536376953
-9.434717178344727,16.9507999420166
-9.419710159301758,16.950664520263672
-9.404702186584473,16.950529098510742
-9.389695167541504,16.950393676757812
-9.374687194824219,16.950258255004883
-9.35968017578125,16.950122833251953
-9.344672203063965,16.949987411499023
-9.329665184020996,16.949851989746094
-9.314657211303711,16.949716567993164
-9.299650192260742,16.949583053588867
-9.284642219543457,16.949447631835938
-9.269635200500488,16.949312210083008
-9.254627227783203,16.949176788330078
-9.239620208740234,16.94904136657715
-9.22461223602295,16.94890594482422
-9.20960521697998,16.94877052307129
-9.194597244262695,16.94863510131836
-9.179590225219727,16.94849967956543
-9.164582252502441,16.9483642578125
-9.149575233459473,16.94822883605957
-9.134567260742188,16.94809341430664
-9.119560241699219,16.94795799255371
-9.104552268981934,16.94782257080078
-9.089544296264648,16.94768714904785
-9.07453727722168,16.947553634643555
-9.059529304504395,16.947418212890625
-9.044522285461426,16.947282791137695
-9.02951431274414,16.947147369384766
-9.014507293701172,16.947011947631836
-8.999499320983887,16.94685173034668
-8.984492301940918,16.945985794067383
-8.969484329223633,16.945119857788086
-8.954477310180664,16.94425392150879
-8.939469337463379,16.943387985229492
-8.92446231842041,16.942522048950195
-8.909454345703125,16.9416561126709
-8.894447326660156,16.9407901763916
-8.879439353942871,16.939924240112305
-8.864432334899902,16.939058303833008
-8.849424362182617,16.938190460205078
-8.834417343139648,16.93732452392578
-8.819409370422363,16.936458587646484
-8.804402351379395,16.935592651367188
-8.78939437866211,16.93472671508789
-8.77438735961914,16.933860778808594
-8.759379386901855,16.932994842529297
-8.744372367858887,16.93212890625
-8.729364395141602,16.931262969970703
-8.714357376098633,16.930397033691406
-8.699349403381348,16.92953109741211
-8.684342384338379,16.928665161132812
-8.669334411621094,16.927799224853516
-8.654327392578125,16.92693328857422
-8.63931941986084,16.926067352294922
-8.624312400817871,16.925199508666992
-8.609304428100586,16.924333572387695
-8.594297409057617,16.9234676361084
-8.579289436340332,16.9226016998291
-8.564282417297363,16.921735763549805
-8.549274444580078,16.920869827270508
-8.53426742553711,16.92000389099121
-8.519259452819824,16.919137954711914
-8.504252433776855,16.918272018432617
-8.48924446105957,16.91740608215332
-8.474237442016602,16.916540145874023
-8.459229469299316,16.915674209594727
-8.444222450256348,16.91480827331543
-8.429214477539062,16.913942337036133
-8.414207458496094,16.913076400756836
-8.399199485778809,16.91221046447754
-8.38419246673584,16.91134262084961
-8.369184494018555,16.910476684570312
-8.354177474975586,16.909610748291016
-8.3391695022583,16.90874481201172
-8.324162483215332,16.907878875732422
-8.309154510498047,16.907012939453125
-8.294147491455078,16.906147003173828
-8.279139518737793,16.90528106689453
-8.264132499694824,16.904415130615234
-8.249124526977539,16.903549194335938
-8.23411750793457,16.90268325805664
-8.219109535217285,16.901817321777344
-8.204102516174316,16.900951385498047
-8.189094543457031,16.90008544921875
-8.174086570739746,16.899219512939453
-8.159079551696777,16.898353576660156
-8.144071578979492,16.897485733032227
-8.129064559936523,16.89661979675293
-8.114056587219238,16.895753860473633
-8.09904956817627,16.894887924194336
-8.084041595458984,16.89402198791504
-8.069034576416016,16.893156051635742
-8.05402660369873,16.892290115356445
-8.039019584655762,16.89142417907715
-8.024011611938477,16.89055824279785
-8.009004592895508,16.889692306518555
-7.993997097015381,16.888826370239258
-7.978989601135254,16.88796043395996
-7.963982105255127,16.887094497680664
-7.948974609375,16.886228561401367
-7.933967113494873,16.88536262512207
-7.918959617614746,16.884496688842773
-7.903952121734619,16.883628845214844
-7.888944625854492,16.882762908935547
-7.873937129974365,16.88189697265625
-7.858929634094238,16.881031036376953
-7.843922138214111,16.880165100097656
-7.828914642333984,16.87929916381836
-7.813907146453857,16.878433227539062
-7.7988996505737305,16.877567291259766
-7.7838921546936035,16.87670135498047
-7.768884658813477,16.875835418701172
-7.75387716293335,16.874969482421875
-7.738869667053223,16.874103546142578
-7.7238616943359375,16.87323760986328
-7.7088541984558105,16.872371673583984
-7.693846702575684,16.871505737304688
-7.678839206695557,16.87063980102539
-7.66383171081543,16.86977195739746
-7.648824214935303,16.868906021118164
-7.633816719055176,16.868040084838867
-7.618809223175049,16.86717414855957
-7.603801727294922,16.866308212280273
-7.588794231414795,16.865442276000977
-7.573786735534668,16.86457633972168
-7.558779239654541,16.863710403442383
-7.543771743774414,16.862844467163086
-7.528764247894287,16.86197853088379
-7.51375675201416,16.861112594604492
-7.498749256134033,16.860246658325195
-7.483741760253906,16.8593807220459
-7.468734264373779,16.8585147857666
-7.453726768493652,16.857648849487305
-7.438719272613525,16.856782913208008
-7.423711776733398,16.855915069580078
-7.4087042808532715,16.85504913330078
-7.3936967849731445,16.854183197021484
-7.378689289093018,16.853317260742188
-7.363681793212891,16.85245132446289
-7.348674297332764,16.851585388183594
-7.333666801452637,16.850719451904297
-7.31865930557251,16.849853515625
-7.303651809692383,16.848987579345703
-7.288644313812256,16.848121643066406
-7.273636817932129,16.84725570678711
-7.258629322052002,16.846389770507812
-7.243621826171875,16.845523834228516
-7.228614330291748,16.84465789794922
-7.213606834411621,16.843791961669922
-7.198599338531494,16.842926025390625
-7.183591842651367,16.842058181762695
-7.16858434677124,16.8411922454834
-7.153576850891113,16.8403263092041
-7.138569355010986,16.839460372924805
-7.123561859130859,16.838594436645508
-7.108554363250732,16.83772850036621
-7.0935468673706055,16.836862564086914
-7.0785393714904785,16.835996627807617
-7.063531875610352,16.83513069152832
-7.048524379730225,16.834264755249023
-7.033516883850098,16.833398818969727
-7.018509387969971,16.83253288269043
-7.003501892089844,16.831666946411133
-6.988494396209717,16.83030891418457
-6.97348690032959,16.82880401611328
-6.958479404449463,16.82729721069336
-6.943471908569336,16.82579231262207
-6.928464412689209,16.82428550720215
-6.913456916809082,16.82278060913086
-6.898449420928955,16.821273803710938
-6.883441925048828,16.81976890563965
-6.868434429168701,16.818262100219727
-6.853426933288574,16.816757202148438
-6.838419437408447,16.815250396728516
-6.82341194152832,16.813745498657227
-6.808403968811035,16.812238693237305
-6.793396472930908,16.810733795166016
-6.778388977050781,16.809226989746094
-6.763381481170654,16.807722091674805
-6.748373985290527,16.806215286254883
-6.7333664894104,16.804710388183594
-6.718358993530273,16.803203582763672
-6.7033514976501465,16.801698684692383
-6.6883440017700195,16.80019187927246
-6.673336505889893,16.79868507385254
-6.658329010009766,16.79718017578125
-6.643321514129639,16.795673370361328
-6.628314018249512,16.79416847229004
-6.613306522369385,16.792661666870117
-6.598299026489258,16.791156768798828
-6.583291530609131,16.789649963378906
-6.568284034729004,16.788145065307617
-6.553276538848877,16.786638259887695
-6.53826904296875,16.785133361816406
-6.523261547088623,16.783626556396484
-6.508254051208496,16.782121658325195
-6.493246555328369,16.780614852905273
-6.478239059448242,16.779109954833984
-6.463231563568115,16.777603149414062
-6.448224067687988,16.776098251342773
-6.433216571807861,16.77459144592285
-6.418209075927734,16.773086547851562
-6.403201580047607,16.77157974243164
-6.3881940841674805,16.77007484436035
-6.3731865882873535,16.76856803894043
-6.358179092407227,16.76706314086914
-6.3431715965271,16.76555633544922
-6.328164100646973,16.764049530029297
-6.313156604766846,16.762544631958008
-6.298149108886719,16.761037826538086
-6.283141613006592,16.759532928466797
-6.268134117126465,16.758026123046875
-6.253126621246338,16.756521224975586
-6.238119125366211,16.755014419555664
-6.223111629486084,16.753509521484375
-6.208104133605957,16.752002716064453
-6.19309663772583,16.750497817993164
-6.178089141845703,16.748991012573242
-6.163081645965576,16.747486114501953
-6.148074150085449,16.74597930908203
-6.133066654205322,16.744474411010742
-6.118059158325195,16.74296760559082
-6.103051662445068,16.74146270751953
-6.088044166564941,16.73995590209961
-6.0730366706848145,16.73845100402832
-6.0580291748046875,16.7369441986084
-6.0430216789245605,16.73543930053711
-6.028014183044434,16.733932495117188
-6.013006687164307,16.7324275970459
-5.99799919128418,16.730920791625977
-5.982991695404053,16.729413986206055
-5.967984199523926,16.727909088134766
-5.952976703643799,16.726402282714844
-5.937969207763672,16.724897384643555
-5.922961711883545,16.723390579223633
-5.90795373916626,16.721885681152344
-5.892946243286133,16.720378875732422
-5.877938747406006,16.718873977661133
-5.862931251525879,16.71736717224121
-5.847923755645752,16.715862274169922
-5.832916259765625,16.71435546875
-5.817908763885498,16.71285057067871
-5.802901268005371,16.71134376525879
-5.787893772125244,16.7098388671875
-5.772886276245117,16.708332061767578
-5.75787878036499,16.70682716369629
-5.742871284484863,16.705320358276367
-5.727863788604736,16.703815460205078
-5.712856292724609,16.702308654785156
-5.697848796844482,16.700803756713867
-5.6828413009643555,16.699296951293945
-5.6678338050842285,16.697790145874023
-5.652826309204102,16.696285247802734
-5.637818813323975,16.694778442382812
-5.622811317443848,16.693273544311523
-5.607803821563721,16.6917667388916
-5.592796325683594,16.690261840820312
-5.577788829803467,16.68875503540039
-5.56278133392334,16.6872501373291
-5.547773838043213,16.68574333190918
-5.532766342163086,16.68423843383789
-5.517758846282959,16.68273162841797
-5.502751350402832,16.68122673034668
-5.487743854522705,16.679719924926758
-5.472736358642578,16.67821502685547
-5.457728862762451,16.676708221435547
-5.442721366882324,16.675203323364258
-5.427713871002197,16.673696517944336
-5.41270637512207,16.672191619873047
-5.397698879241943,16.670684814453125
-5.382691383361816,16.669179916381836
-5.3676838874816895,16.667673110961914
-5.3526763916015625,16.666168212890625
-5.3376688957214355,16.664661407470703
-5.322661399841309,16.66315460205078
-5.307653903961182,16.661649703979492
-5.292646408081055,16.66014289855957
-5.277638912200928,16.65863800048828
-5.262631416320801,16.65713119506836
-5.247623920440674,16.65562629699707
-5.232616424560547,16.65411949157715
-5.21760892868042,16.65261459350586
-5.202601432800293,16.651107788085938
-5.187593936920166,16.64960289001465
-5.172586441040039,16.648096084594727
-5.157578945159912,16.646591186523438
-5.142571449279785,16.645084381103516
-5.127563953399658,16.643579483032227
-5.112556457519531,16.642072677612305
-5.097548961639404,16.640567779541016
-5.082541465759277,16.639060974121094
-5.06753396987915,16.637556076049805
-5.052526473999023,16.636049270629883
-5.0375189781188965,16.634544372558594
-5.0225114822387695,16.633037567138672
-5.007503986358643,16.631532669067383
-4.992496013641357,16.631065368652344
-4.9774885177612305,16.63163948059082
-4.9624810218811035,16.632213592529297
-4.947473526000977,16.632787704467773
-4.93246603012085,16.633363723754883
-4.917458534240723,16.63393783569336
-4.902451038360596,16.634511947631836
-4.887443542480469,16.635086059570312
-4.872436046600342,16.63566017150879
-4.857428550720215,16.636234283447266
-4.842421054840088,16.636808395385742
-4.827413558959961,16.63738250732422
-4.812406063079834,16.637956619262695
-4.797398567199707,16.638530731201172
-4.78239107131958,16.63910484313965
-4.767383575439453,16.639678955078125
-4.752376079559326,16.6402530670166
-4.737368583679199,16.640827178955078
-4.722361087799072,16.641403198242188
-4.707353591918945,16.641977310180664
-4.692346096038818,16.64255142211914
-4.677338600158691,16.643125534057617
-4.6623311042785645,16.643699645996094
-4.6473236083984375,16.64427375793457
-4.6323161125183105,16.644847869873047
-4.617308616638184,16.645421981811523
-4.602301120758057,16.64599609375
-4.58729362487793,16.646570205688477
-4.572286128997803,16.647144317626953
-4.557278633117676,16.64771842956543
-4.542271137237549,16.648292541503906
-4.527263641357422,16.648866653442383
-4.512256145477295,16.64944076538086
-4.497248649597168,16.65001678466797
-4.482241153717041,16.650590896606445
-4.467233657836914,16.651165008544922
-4.452226161956787,16.6517391204834
-4.43721866607666,16.652313232421875
-4.422211170196533,16.65288734436035
-4.407203674316406,16.653461456298828
-4.392196178436279,16.654035568237305
-4.377188682556152,16.65460968017578
-4.362181186676025,16.655183792114258
-4.347173690795898,16.655757904052734
-4.3321661949157715,16.65633201599121
-4.3171586990356445,16.656906127929688
-4.302151203155518,16.657480239868164
-4.287143707275391,16.65805435180664
-4.272136211395264,16.65863037109375
-4.257128715515137,16.659204483032227
-4.24212121963501,16.659778594970703
-4.227113723754883,16.66035270690918
-4.212106227874756,16.660926818847656
-4.197098731994629,16.661500930786133
-4.182091236114502,16.66207504272461
-4.167083740234375,16.662649154663086
-4.152076244354248,16.663223266601562
-4.137068748474121,16.66379737854004
-4.122061252593994,16.664371490478516
-4.107053756713867,16.664945602416992
-4.09204626083374,16.66551971435547
-4.077038288116455,16.666093826293945
-4.062030792236328,16.666667938232422
-4.047023296356201,16.66724395751953
-4.032015800476074,16.667818069458008
-4.017008304595947,16.668392181396484
-4.00200080871582,16.66896629333496
-3.9869935512542725,16.669540405273438
-3.9719860553741455,16.670114517211914
-3.9569785594940186,16.67068862915039
-3.9419710636138916,16.671262741088867
-3.9269635677337646,16.671836853027344
-3.9119560718536377,16.67241096496582
-3.8969485759735107,16.672985076904297
-3.881941080093384,16.673559188842773
-3.866933584213257,16.67413330078125
-3.851925849914551,16.674707412719727
-3.836918354034424,16.675283432006836
-3.821910858154297,16.675857543945312
-3.80690336227417,16.67643165588379
-3.791895866394043,16.677005767822266
-3.776888370513916,16.677579879760742
-3.761880874633789,16.67815399169922
-3.746873378753662,16.678728103637695
-3.731865882873535,16.679302215576172
-3.716858386993408,16.67987632751465
-3.7018508911132812,16.680450439453125
-3.6868433952331543,16.6810245513916
-3.6718358993530273,16.681598663330078
-3.6568284034729004,16.682172775268555
-3.6418209075927734,16.68274688720703
-3.6268134117126465,16.683320999145508
-3.6118059158325195,16.683897018432617
-3.5967984199523926,16.684471130371094
-3.5817909240722656,16.68504524230957
-3.5667834281921387,16.685619354248047
-3.5517759323120117,16.686193466186523
-3.5367684364318848,16.686767578125
-3.521760940551758,16.687341690063477
-3.506753444671631,16.687915802001953
-3.491745948791504,16.68848991394043
-3.476738452911377,16.689064025878906
-3.46173095703125,16.689638137817383
-3.446723461151123,16.69021224975586
-3.431715965270996,16.690786361694336
-3.416708469390869,16.691360473632812
-3.401700735092163,16.69193458557129
-3.386693239212036,16.6925106048584
-3.371685743331909,16.693084716796875
-3.3566782474517822,16.69365882873535
-3.3416707515716553,16.694232940673828
-3.3266632556915283,16.694807052612305
-3.3116557598114014,16.69538116455078
-3.2966482639312744,16.695955276489258
-3.2816407680511475,16.696529388427734
-3.2666332721710205,16.69710350036621
-3.2516257762908936,16.697677612304688
-3.2366182804107666,16.698251724243164
-3.2216107845306396,16.69882583618164
-3.2066032886505127,16.699399948120117
-3.1915957927703857,16.699974060058594
-3.176588296890259,16.70054817199707
-3.161580801010132,16.70112419128418
-3.146573305130005,16.701698303222656
-3.131565809249878,16.702272415161133
-3.116558313369751,16.70284652709961
-3.101550817489624,16.703420639038086
-3.086543321609497,16.703994750976562
-3.07153582572937,16.70456886291504
-3.056528329849243,16.705142974853516
-3.041520833969116,16.705717086791992
-3.0265133380889893,16.70629119873047
-3.0115058422088623,16.706865310668945
-2.9964983463287354,16.70731544494629
-2.9814908504486084,16.707355499267578
-2.9664833545684814,16.707393646240234
-2.9514756202697754,16.707433700561523
-2.9364681243896484,16.707473754882812
-2.9214606285095215,16.7075138092041
-2.9064531326293945,16.70755386352539
-2.8914456367492676,16.707592010498047
-2.8764381408691406,16.707632064819336
-2.8614306449890137,16.707672119140625
-2.8464231491088867,16.707712173461914
-2.8314156532287598,16.707752227783203
-2.816408157348633,16.70779037475586
-2.801400661468506,16.70783042907715
-2.786393165588379,16.707870483398438
-2.771385669708252,16.707910537719727
-2.756378173828125,16.707950592041016
-2.741370677947998,16.707988739013672
-2.726363182067871,16.70802879333496
-2.711355686187744,16.70806884765625
-2.696348190307617,16.70810890197754
-2.6813406944274902,16.708148956298828
-2.6663331985473633,16.708187103271484
-2.6513257026672363,16.708227157592773
-2.6363182067871094,16.708267211914062
-2.6213107109069824,16.70830726623535
-2.6063032150268555,16.70834732055664
-2.5912957191467285,16.708385467529297
-2.5762882232666016,16.708425521850586
-2.5612807273864746,16.708465576171875
-2.5462732315063477,16.708505630493164
-2.5312657356262207,16.708545684814453
-2.5162582397460938,16.70858383178711
-2.501250743865967,16.7086238861084
-2.4862430095672607,16.708663940429688
-2.471235513687134,16.708703994750977
-2.456228017807007,16.708744049072266
-2.44122052192688,16.708782196044922
-2.426213026046753,16.70882225036621
-2.411205530166626,16.7088623046875
-2.396198034286499,16.70890235900879
-2.381190538406372,16.708942413330078
-2.366183042526245,16.708980560302734
-2.351175546646118,16.709020614624023
-2.336168050765991,16.709060668945312
-2.3211605548858643,16.7091007232666
-2.3061530590057373,16.709138870239258
-2.2911455631256104,16.709178924560547
-2.2761380672454834,16.709218978881836
-2.2611305713653564,16.709259033203125
-2.2461230754852295,16.709299087524414
-2.2311155796051025,16.70933723449707
-2.2161080837249756,16.70937728881836
-2.2011005878448486,16.70941734313965
-2.1860930919647217,16.709457397460938
-2.1710855960845947,16.709497451782227
-2.1560781002044678,16.709535598754883
-2.141070604324341,16.709575653076172
-2.126063108444214,16.70961570739746
-2.111055612564087,16.70965576171875
-2.09604811668396,16.70969581604004
-2.081040620803833,16.709733963012695
-2.066033124923706,16.709774017333984
-2.051025629043579,16.709814071655273
-2.036017894744873,16.709854125976562
-2.021010398864746,16.70989418029785
-2.006002902984619,16.709932327270508
-1.9909955263137817,16.709972381591797
-1.9759880304336548,16.710012435913086
-1.9609805345535278,16.710052490234375
-1.9459730386734009,16.710092544555664
-1.9309654235839844,16.71013069152832
-1.9159579277038574,16.71017074584961
-1.9009504318237305,16.7102108001709
-1.8859429359436035,16.710250854492188
-1.8709354400634766,16.710290908813477
-1.8559279441833496,16.710329055786133
-1.8409204483032227,16.710369110107422
-1.8259129524230957,16.71040916442871
-1.8109054565429688,16.71044921875
-1.7958979606628418,16.71048927307129
-1.7808904647827148,16.710527420043945
-1.765882968902588,16.710567474365234
-1.750875473022461,16.710607528686523
-1.735867977142334,16.710647583007812
-1.720860481262207,16.71068572998047
-1.70585298538208,16.710725784301758
-1.6908453702926636,16.710765838623047
-1.6758378744125366,16.710805892944336
-1.6608303785324097,16.710845947265625
-1.6458228826522827,16.71088409423828
-1.6308153867721558,16.71092414855957
-1.6158078908920288,16.71096420288086
-1.6008003950119019,16.71100425720215
-1.585792899131775,16.711044311523438
-1.570785403251648,16.711082458496094
-1.555777907371521,16.711122512817383
-1.540770411491394,16.711162567138672
-1.525762915611267,16.71120262145996
-1.5107554197311401,16.71124267578125
-1.4957479238510132,16.711280822753906
-1.4807404279708862,16.711320877075195
-1.4657328128814697,16.711360931396484
-1.4507253170013428,16.711400985717773
-1.4357178211212158,16.711441040039062
-1.4207103252410889,16.71147918701172
-1.405702829360962,16.711519241333008
-1.390695333480835,16.711559295654297
-1.375687837600708,16.711599349975586
-1.360680341720581,16.711639404296875
-1.345672845840454,16.71167755126953
-1.3306653499603271,16.71171760559082
-1.3156578540802002,16.71175765991211
-1.3006503582000732,16.7117977142334
-1.2856428623199463,16.711837768554688
-1.2706353664398193,16.711875915527344
-1.2556278705596924,16.711915969848633
-1.2406202554702759,16.711956024169922
-1.225612759590149,16.71199607849121
-1.210605263710022,16.7120361328125
-1.195597767829895,16.712074279785156
-1.180590271949768,16.712114334106445
-1.1655827760696411,16.712154388427734
-1.1505752801895142,16.712194442749023
-1.1355677843093872,16.712234497070312
-1.1205602884292603,16.71227264404297
-1.1055527925491333,16.712312698364258
-1.0905452966690063,16.712352752685547
-1.0755378007888794,16.712392807006836
-1.0605303049087524,16.712430953979492
-1.0455228090286255,16.71247100830078
-1.0305153131484985,16.71251106262207
-1.015507698059082,16.71255111694336
-1.000500202178955,16.71259117126465
-0.9854927659034729,16.712261199951172
-0.970485270023346,16.71192169189453
-0.9554777145385742,16.711580276489258
-0.9404702186584473,16.711238861083984
-0.9254627227783203,16.71089744567871
-0.9104552268981934,16.710556030273438
-0.8954477310180664,16.710214614868164
-0.8804402351379395,16.709875106811523
-0.8654327392578125,16.70953369140625
-0.8504251837730408,16.709192276000977
-0.8354176878929138,16.708850860595703
-0.8204101920127869,16.70850944519043
-0.8054026961326599,16.708168029785156
-0.790395200252533,16.707828521728516
-0.775387704372406,16.707487106323242
-0.760380208492279,16.70714569091797
-0.7453727126121521,16.706804275512695
-0.7303651571273804,16.706462860107422
-0.7153576612472534,16.70612144470215
-0.7003501653671265,16.705781936645508
-0.6853426694869995,16.705440521240234
-0.6703351736068726,16.70509910583496
-0.6553276777267456,16.704757690429688
-0.6403201818466187,16.704416275024414
-0.6253126859664917,16.70407485961914
-0.61030513048172,16.7037353515625
-0.595297634601593,16.703393936157227
-0.5802901387214661,16.703052520751953
-0.5652826428413391,16.70271110534668
-0.5502751469612122,16.702369689941406
-0.5352676510810852,16.702028274536133
-0.5202601552009583,16.701688766479492
-0.5052525997161865,16.70134735107422
-0.49024513363838196,16.701005935668945
-0.4752376079559326,16.700664520263672
-0.46023011207580566,16.7003231048584
-0.4452226161956787,16.699981689453125
-0.43021512031555176,16.699642181396484
-0.4152075946331024,16.69930076599121
-0.40020009875297546,16.698959350585938
-0.3851926028728485,16.698617935180664
-0.37018510699272156,16.69827651977539
-0.3551775813102722,16.697935104370117
-0.34017008543014526,16.697595596313477
-0.3251625895500183,16.697254180908203
-0.31015506386756897,16.69691276550293
-0.295147567987442,16.696571350097656
-0.28014007210731506,16.696229934692383
-0.2651325762271881,16.69588851928711
-0.25012505054473877,16.69554901123047
-0.23511755466461182,16.695207595825195
-0.22011005878448486,16.694866180419922
-0.20510254800319672,16.69452476501465
-0.19009505212306976,16.694183349609375
-0.17508754134178162,16.6938419342041
-0.16008004546165466,16.69350242614746
-0.14507253468036652,16.693161010742188
-0.13006503880023956,16.692819595336914
-0.11505752801895142,16.69247817993164
-0.10005002468824387,16.692136764526367
-0.08504252135753632,16.691795349121094
-0.07003501802682877,16.691455841064453
-0.055027514696121216,16.69111442565918
-0.040020011365413666,16.690773010253906
-0.025012506172060966,16.690431594848633
-0.010005002841353416,16.69009017944336
0.005002501420676708,16.689748764038086
0.020010005682706833,16.689409255981445
0.03501750901341438,16.689067840576172
0.05002501234412193,16.6887264251709
0.06503251940011978,16.688385009765625
0.08004002273082733,16.68804359436035
0.09504752606153488,16.687702178955078
0.11005502939224243,16.687362670898438
0.12506252527236938,16.687021255493164
0.14007003605365753,16.68667984008789
0.15507753193378448,16.686338424682617
0.17008504271507263,16.685997009277344
0.18509255349636078,16.68565559387207
0.20010004937648773,16.68531608581543
0.21510756015777588,16.684974670410156
0.23011505603790283,16.684633255004883
0.24512256681919098,16.68429183959961
0.2601300776004791,16.683950424194336
0.2751375734806061,16.683609008789062
0.29014506936073303,16.683269500732422
0.30515256524086,16.68292808532715
0.3201600909233093,16.682586669921875
0.3351675868034363,16.6822452545166
0.35017508268356323,16.681903839111328
0.3651825785636902,16.681562423706055
0.3801901042461395,16.68122100830078
0.3951976001262665,16.68088150024414
0.41020509600639343,16.680540084838867
0.4252125918865204,16.680198669433594
0.4402201175689697,16.67985725402832
0.4552276134490967,16.679515838623047
0.47023510932922363,16.679174423217773
0.485242635011673,16.678834915161133
0.5002501010894775,16.67849349975586
0.5152576565742493,16.678152084350586
0.5302651524543762,16.677810668945312
0.5452726483345032,16.67746925354004
0.5602801442146301,16.677127838134766
0.5752876400947571,16.676788330078125
0.590295135974884,16.67644691467285
0.605302631855011,16.676105499267578
0.6203101277351379,16.675764083862305
0.6353176832199097,16.67542266845703
0.6503251791000366,16.675081253051758
0.6653326749801636,16.674741744995117
0.6803401708602905,16.674400329589844
0.6953476667404175,16.67405891418457
0.7103551626205444,16.673717498779297
0.7253626585006714,16.673376083374023
0.7403702139854431,16.67303466796875
0.7553777098655701,16.67269515991211
0.770385205745697,16.672353744506836
0.785392701625824,16.672012329101562
0.8004001975059509,16.67167091369629
0.8154076933860779,16.671329498291016
0.8304151892662048,16.670988082885742
0.8454226851463318,16.6706485748291
0.8604302406311035,16.670307159423828
0.8754377365112305,16.669965744018555
0.8904452323913574,16.66962432861328
0.9054527282714844,16.669282913208008
0.9204602241516113,16.668941497802734
0.9354677200317383,16.668601989746094
0.9504752159118652,16.66826057434082
0.9654827117919922,16.667919158935547
0.9804902672767639,16.667577743530273
0.9954977631568909,16.667236328125
1.010505199432373,16.667007446289062
1.0255128145217896,16.666824340820312
1.0405203104019165,16.666643142700195
1.0555278062820435,16.666460037231445
1.0705353021621704,16.666278839111328
1.0855427980422974,16.666095733642578
1.1005502939224243,16.66591453552246
1.1155577898025513,16.66573143005371
1.1305652856826782,16.665550231933594
1.1455727815628052,16.665367126464844
1.1605802774429321,16.665185928344727
1.175587773323059,16.66500473022461
1.190595269203186,16.66482162475586
1.205602765083313,16.664640426635742
1.22061026096344,16.664457321166992
1.235617756843567,16.664276123046875
1.2506253719329834,16.664093017578125
1.2656328678131104,16.663911819458008
1.2806403636932373,16.663728713989258
1.2956478595733643,16.66354751586914
1.3106553554534912,16.66336441040039
1.3256628513336182,16.663183212280273
1.3406703472137451,16.663000106811523
1.355677843093872,16.662818908691406
1.370685338973999,16.662635803222656
1.385692834854126,16.66245460510254
1.400700330734253,16.66227149963379
1.4157078266143799,16.662090301513672
1.4307153224945068,16.661907196044922
1.4457228183746338,16.661725997924805
1.4607303142547607,16.661542892456055
1.4757378101348877,16.661361694335938
1.4907454252243042,16.661178588867188
1.5057529211044312,16.66099739074707
1.520760416984558,16.660816192626953
1.535767912864685,16.660633087158203
1.550775408744812,16.660451889038086
1.565782904624939,16.660268783569336
1.580790400505066,16.66008758544922
1.5957978963851929,16.65990447998047
1.6108053922653198,16.65972328186035
1.6258128881454468,16.6595401763916
1.6408203840255737,16.659358978271484
1.6558278799057007,16.659175872802734
1.6708353757858276,16.658994674682617
1.6858428716659546,16.658811569213867
1.7008503675460815,16.65863037109375
1.715857982635498,16.658447265625
1.730865478515625,16.658266067504883
1.745872974395752,16.658082962036133
1.760880470275879,16.657901763916016
1.7758879661560059,16.657718658447266
1.7908954620361328,16.65753746032715
1.8059029579162598,16.6573543548584
1.8209104537963867,16.65717315673828
1.8359179496765137,16.65699005126953
1.8509254455566406,16.656808853149414
1.8659329414367676,16.656627655029297
1.8809404373168945,16.656444549560547
1.8959479331970215,16.65626335144043
1.9109554290771484,16.65608024597168
1.9259629249572754,16.655899047851562
1.940970540046692,16.655715942382812
1.9559780359268188,16.655534744262695
1.9709855318069458,16.655351638793945
1.9859930276870728,16.655170440673828
2.00100040435791,16.654987335205078
2.016007900238037,16.65480613708496
2.031015396118164,16.65462303161621
2.04602313041687,16.654441833496094
2.061030626296997,16.654258728027344
2.076038122177124,16.654077529907227
2.091045618057251,16.653894424438477
2.106053113937378,16.65371322631836
2.121060609817505,16.65353012084961
2.136068105697632,16.653348922729492
2.151075601577759,16.653165817260742
2.1660830974578857,16.652984619140625
2.1810905933380127,16.652801513671875
2.1960980892181396,16.652620315551758
2.2111055850982666,16.65243911743164
2.2261130809783936,16.65225601196289
2.2411205768585205,16.652074813842773
2.2561280727386475,16.651891708374023
2.2711355686187744,16.651710510253906
2.2861430644989014,16.651527404785156
2.3011505603790283,16.65134620666504
2.3161580562591553,16.65116310119629
2.3311655521392822,16.650981903076172
2.346173048019409,16.650798797607422
2.361180543899536,16.650617599487305
2.376188039779663,16.650434494018555
2.39119553565979,16.650253295898438
2.406203031539917,16.650070190429688
2.421210527420044,16.64988899230957
2.436218023300171,16.64970588684082
2.451225519180298,16.649524688720703
2.466233015060425,16.649341583251953
2.4812405109405518,16.649160385131836
2.4962480068206787,16.648977279663086
2.5112557411193848,16.64879608154297
2.5262632369995117,16.64861297607422
2.5412707328796387,16.6484317779541
2.5562782287597656,16.648250579833984
2.5712857246398926,16.648067474365234
2.5862932205200195,16.647886276245117
2.6013007164001465,16.647703170776367
2.6163082122802734,16.64752197265625
2.6313157081604004,16.6473388671875
2.6463232040405273,16.647157669067383
2.6613306999206543,16.646974563598633
2.6763381958007812,16.646793365478516
2.691345691680908,16.646610260009766
2.706353187561035,16.64642906188965
2.721360683441162,16.6462459564209
2.736368179321289,16.64606475830078
2.751375675201416,16.64588165283203
2.766383171081543,16.645700454711914
2.78139066696167,16.645517349243164
2.796398162841797,16.645336151123047
2.811405658721924,16.645153045654297
2.826413154602051,16.64497184753418
2.8414206504821777,16.64478874206543
2.8564281463623047,16.644607543945312
2.8714356422424316,16.644424438476562
2.8864431381225586,16.644243240356445
2.9014506340026855,16.644062042236328
2.9164581298828125,16.643878936767578
2.9314656257629395,16.64369773864746
2.9464731216430664,16.64351463317871
2.9614808559417725,16.643333435058594
2.9764883518218994,16.643150329589844
2.9914958477020264,16.642969131469727
3.0065033435821533,16.64263153076172
3.0215108394622803,16.642093658447266
3.0365183353424072,16.641557693481445
3.051525831222534,16.641019821166992
3.066533327102661,16.64048194885254
3.081540822982788,16.639944076538086
3.096548318862915,16.639406204223633
3.111555814743042,16.63886833190918
3.126563310623169,16.638330459594727
3.141570806503296,16.637792587280273
3.156578302383423,16.63725471496582
3.17158579826355,16.636716842651367
3.1865932941436768,16.636178970336914
3.2016007900238037,16.63564109802246
3.2166082859039307,16.635103225708008
3.2316157817840576,16.634565353393555
3.2466232776641846,16.6340274810791
3.2616307735443115,16.63348960876465
3.2766382694244385,16.632953643798828
3.2916457653045654,16.632415771484375
3.3066532611846924,16.631877899169922
3.3216607570648193,16.63134002685547
3.3366682529449463,16.630802154541016
3.3516757488250732,16.630264282226562
3.3666832447052,16.62972640991211
3.381690740585327,16.629188537597656
3.396698236465454,16.628650665283203
3.41170597076416,16.62811279296875
3.426713466644287,16.627574920654297
3.441720962524414,16.627037048339844
3.456728458404541,16.62649917602539
3.471735954284668,16.625961303710938
3.486743450164795,16.625423431396484
3.501750946044922,16.62488555908203
3.516758441925049,16.62434959411621
3.531765937805176,16.623811721801758
3.5467734336853027,16.623273849487305
3.5617809295654297,16.62273597717285
3.5767884254455566,16.6221981048584
3.5917959213256836,16.621660232543945
3.6068034172058105,16.621122360229492
3.6218109130859375,16.62058448791504
3.6368184089660645,16.620046615600586
3.6518259048461914,16.619508743286133
3.6668334007263184,16.61897087097168
3.6818408966064453,16.618432998657227
3.6968483924865723,16.617895126342773
3.711855888366699,16.61735725402832
3.726863384246826,16.616819381713867
3.741870880126953,16.616281509399414
3.75687837600708,16.615745544433594
3.771885871887207,16.61520767211914
3.786893367767334,16.614669799804688
3.801900863647461,16.614131927490234
3.816908359527588,16.61359405517578
3.831915855407715,16.613056182861328
3.846923351287842,16.612518310546875
3.8619308471679688,16.611980438232422
3.876938581466675,16.61144256591797
3.8919460773468018,16.610904693603516
3.9069535732269287,16.610366821289062
3.9219610691070557,16.60982894897461
3.9369685649871826,16.609291076660156
3.9519760608673096,16.608753204345703
3.9669835567474365,16.60821533203125
3.9819910526275635,16.607677459716797
3.9969985485076904,16.607141494750977
4.012005805969238,16.606603622436523
4.027013301849365,16.60606575012207
4.042020797729492,16.605527877807617
4.057028293609619,16.604990005493164
4.072035789489746,16.60445213317871
4.087043285369873,16.603914260864258
4.102051258087158,16.603376388549805
4.117058753967285,16.60283851623535
4.132066249847412,16.6023006439209
4.147073745727539,16.601762771606445
4.162081241607666,16.601224899291992
4.177088737487793,16.60068702697754
4.19209623336792,16.600149154663086
4.207103729248047,16.599611282348633
4.222111225128174,16.59907341003418
4.237118721008301,16.59853744506836
4.252126216888428,16.597999572753906
4.267133712768555,16.597461700439453
4.282141208648682,16.596923828125
4.297148704528809,16.596385955810547
4.3121562004089355,16.595848083496094
4.3271636962890625,16.59531021118164
4.3421711921691895,16.594772338867188
4.357178688049316,16.594234466552734
4.372186183929443,16.59369659423828
4.38719367980957,16.593158721923828
4.402201175689697,16.592620849609375
4.417208671569824,16.592082977294922
4.432216167449951,16.59154510498047
4.447223663330078,16.591007232666016
4.462231159210205,16.590469360351562
4.477238655090332,16.589933395385742
4.492246150970459,16.58939552307129
4.507253646850586,16.588857650756836
4.522261142730713,16.588319778442383
4.53726863861084,16.58778190612793
4.552276134490967,16.587244033813477
4.567283630371094,16.586706161499023
4.582291126251221,16.58616828918457
4.597298622131348,16.585630416870117
4.612306118011475,16.585092544555664
4.627313613891602,16.58455467224121
4.6423211097717285,16.584016799926758
4.6573286056518555,16.583478927612305
4.672336101531982,16.58294105529785
4.687343597412109,16.5824031829834
4.702351093292236,16.581865310668945
4.717358589172363,16.581329345703125
4.73236608505249,16.580791473388672
4.747373580932617,16.58025360107422
4.762381076812744,16.579715728759766
4.777388572692871,16.579177856445312
4.792396068572998,16.57863998413086
4.807403564453125,16.578102111816406
4.822411060333252,16.577564239501953
4.837418556213379,16.5770263671875
4.852426052093506,16.576488494873047
4.867433547973633,16.575950622558594
4.88244104385376,16.57541275024414
4.897448539733887,16.574874877929688
4.912456035614014,16.574337005615234
4.927463531494141,16.57379913330078
4.942471027374268,16.573261260986328
4.9574785232543945,16.572725296020508
4.9724860191345215,16.572187423706055
4.987493515014648,16.5716495513916
5.002501487731934,16.571199417114258
5.0175089836120605,16.57118797302246
5.0325164794921875,16.571178436279297
5.0475239753723145,16.5711669921875
5.062531471252441,16.571157455444336
5.077538967132568,16.571147918701172
5.092546463012695,16.571136474609375
5.107553958892822,16.57112693786621
5.122561454772949,16.571115493774414
5.137568950653076,16.57110595703125
5.152576446533203,16.571094512939453
5.16758394241333,16.57108497619629
5.182591438293457,16.571073532104492
5.197598934173584,16.571063995361328
5.212606430053711,16.571054458618164
5.227613925933838,16.571043014526367
5.242621421813965,16.571033477783203
5.257628917694092,16.571022033691406
5.272636413574219,16.571012496948242
5.287643909454346,16.571001052856445
5.302651405334473,16.57099151611328
5.3176589012146,16.570980072021484
5.332666397094727,16.57097053527832
5.3476738929748535,16.570960998535156
5.3626813888549805,16.57094955444336
5.377688884735107,16.570940017700195
5.392696380615234,16.5709285736084
5.407703876495361,16.570919036865234
5.422711372375488,16.570907592773438
5.437718868255615,16.570898056030273
5.452726364135742,16.570886611938477
5.467733860015869,16.570877075195312
5.482741355895996,16.57086753845215
5.497748851776123,16.57085609436035
5.51275634765625,16.570846557617188
5.527763843536377,16.57083511352539
5.542771339416504,16.570825576782227
5.557778835296631,16.57081413269043
5.572786331176758,16.570804595947266
5.587793827056885,16.57079315185547
5.602801322937012,16.570783615112305
5.617808818817139,16.57077407836914
5.632816314697266,16.570762634277344
5.647823810577393,16.57075309753418
5.6628313064575195,16.570741653442383
5.6778388023376465,16.57073211669922
5.692846298217773,16.570720672607422
5.7078537940979,16.570711135864258
5.722861289978027,16.57069969177246
5.737868785858154,16.570690155029297
5.752876281738281,16.570680618286133
5.767883777618408,16.570669174194336
5.782891273498535,16.570659637451172
5.797898769378662,16.570648193359375
5.812906265258789,16.57063865661621
5.827913761138916,16.570627212524414
5.842921257019043,16.57061767578125
5.85792875289917,16.570606231689453
5.872936248779297,16.57059669494629
5.887943744659424,16.570585250854492
5.902951240539551,16.570575714111328
5.917959213256836,16.570566177368164
5.932966709136963,16.570554733276367
5.94797420501709,16.570545196533203
5.962981700897217,16.570533752441406
5.977989196777344,16.570524215698242
5.992996692657471,16.570512771606445
6.008004188537598,16.57050323486328
6.023011684417725,16.570491790771484
6.038019180297852,16.57048225402832
6.0530266761779785,16.570472717285156
6.0680341720581055,16.57046127319336
6.083041667938232,16.570451736450195
6.098049163818359,16.5704402923584
6.113056659698486,16.570430755615234
6.128064155578613,16.570419311523438
6.14307165145874,16.570409774780273
6.158079147338867,16.570398330688477
6.173086643218994,16.570388793945312
6.188094139099121,16.57037925720215
6.203101634979248,16.57036781311035
6.218109130859375,16.570358276367188
6.233116626739502,16.57034683227539
6.248124122619629,16.570337295532227
6.263131618499756,16.57032585144043
6.278139114379883,16.570316314697266
6.29314661026001,16.57030487060547
6.308154106140137,16.570295333862305
6.323161602020264,16.57028579711914
6.338169097900391,16.570274353027344
6.353176593780518,16.57026481628418
6.3681840896606445,16.570253372192383
6.3831915855407715,16.57024383544922
6.398199081420898,16.570232391357422
6.413206577301025,16.570222854614258
6.428214073181152,16.57021141052246
6.443221569061279,16.570201873779297
6.458229064941406,16.570192337036133
6.473236560821533,16.570180892944336
6.48824405670166,16.570171356201172
6.503251552581787,16.570159912109375
6.518259048461914,16.57015037536621
6.533266544342041,16.570138931274414
6.548274040222168,16.57012939453125
6.563281536102295,16.570117950439453
6.578289031982422,16.57010841369629
6.593296527862549,16.570098876953125
6.608304023742676,16.570087432861328
6.623311519622803,16.570077896118164
6.63831901550293,16.570066452026367
6.653326511383057,16.570056915283203
6.668334007263184,16.570045471191406
6.6833415031433105,16.570035934448242
6.6983489990234375,16.570024490356445
6.7133564949035645,16.57001495361328
6.728363990783691,16.570005416870117
6.743371486663818,16.56999397277832
6.758378982543945,16.569984436035156
6.773386478424072,16.56997299194336
6.788393974304199,16.569963455200195
6.803401470184326,16.5699520111084
6.818409442901611,16.569942474365234
6.833416938781738,16.569931030273438
6.848424434661865,16.569921493530273
6.863431930541992,16.56991195678711
6.878439426422119,16.569900512695312
6.893446922302246,16.56989097595215
6.908454418182373,16.56987953186035
6.9234619140625,16.569869995117188
6.938469409942627,16.56985855102539
6.953476905822754,16.569849014282227
6.968484401702881,16.56983757019043
6.983491897583008,16.569828033447266
6.998499393463135,16.5698184967041
7.013506889343262,16.56981658935547
7.028514385223389,16.56981658935547
7.043521881103516,16.56981658935547
7.058529376983643,16.56981658935547
7.0735368728637695,16.56981658935547
7.0885443687438965,16.56981658935547
7.103551864624023,16.56981658935547
7.11855936050415,16.56981658935547
7.133566856384277,16.56981658935547
7.148574352264404,16.56981658935547
7.163581848144531,16.56981658935547
7.178589344024658,16.56981658935547
7.193596839904785,16.56981658935547
7.208604335784912,16.56981658935547
7.223611831665039,16.56981658935547
7.238619327545166,16.56981658935547
7.253626823425293,16.56981658935547
7.26863431930542,16.56981658935547
7.283641815185547,16.56981658935547
7.298649311065674,16.56981658935547
7.313656806945801,16.56981658935547
7.328664302825928,16.56981658935547
7.343671798706055,16.56981658935547
7.358679294586182,16.56981658935547
7.373686790466309,16.56981658935547
7.3886942863464355,16.56981658935547
7.4037017822265625,16.56981658935547
7.4187092781066895,16.56981658935547
7.433716773986816,16.56981658935547
7.448724269866943,16.56981658935547
7.46373176574707,16.56981658935547
7.478739261627197,16.56981658935547
7.493746757507324,16.56981658935547
7.508754253387451,16.56981658935547
7.523761749267578,16.56981658935547
7.538769245147705,16.56981658935547
7.553776741027832,16.56981658935547
7.568784236907959,16.56981658935547
7.583791732788086,16.56981658935547
7.598799228668213,16.56981658935547
7.61380672454834,16.56981658935547
7.628814220428467,16.56981658935547
7.643821716308594,16.56981658935547
7.658829212188721,16.56981658935547
7.673836708068848,16.56981658935547
7.688844203948975,16.56981658935547
7.703851699829102,16.56981658935547
7.7188591957092285,16.56981658935547
7.733867168426514,16.56981658935547
7.748874664306641,16.56981658935547
7.763882160186768,16.56981658935547
7.7788896560668945,16.56981658935547
7.7938971519470215,16.56981658935547
7.808904647827148,16.56981658935547
7.823912143707275,16.56981658935547
7.838919639587402,16.56981658935547
7.853927135467529,16.56981658935547
7.868934631347656,16.56981658935547
7.883942127227783,16.56981658935547
7.89894962310791,16.56981658935547
7.913957118988037,16.56981658935547
7.928964614868164,16.56981658935547
7.943972110748291,16.56981658935547
7.958979606628418,16.56981658935547
7.973987102508545,16.56981658935547
7.988994598388672,16.56981658935547
8.00400161743164,16.56981658935547
8.019009590148926,16.56981658935547
8.034016609191895,16.56981658935547
8.04902458190918,16.56981658935547
8.064031600952148,16.56981658935547
8.079039573669434,16.56981658935547
8.094046592712402,16.56981658935547
8.109054565429688,16.56981658935547
8.124061584472656,16.56981658935547
8.139069557189941,16.56981658935547
8.15407657623291,16.56981658935547
8.169084548950195,16.56981658935547
8.18409252166748,16.56981658935547
8.19909954071045,16.56981658935547
8.214107513427734,16.56981658935547
8.229114532470703,16.56981658935547
8.244122505187988,16.56981658935547
8.259129524230957,16.56981658935547
8.274137496948242,16.56981658935547
8.289144515991211,16.56981658935547
8.304152488708496,16.56981658935547
8.319159507751465,16.56981658935547
8.33416748046875,16.56981658935547
8.349174499511719,16.56981658935547
8.364182472229004,16.56981658935547
8.379189491271973,16.56981658935547
8.394197463989258,16.56981658935547
8.409204483032227,16.56981658935547
8.424212455749512,16.56981658935547
8.43921947479248,16.56981658935547
8.454227447509766,16.56981658935547
8.469234466552734,16.56981658935547
8.48424243927002,16.56981658935547
8.499249458312988,16.56981658935547
8.514257431030273,16.56981658935547
8.529264450073242,16.56981658935547
8.544272422790527,16.56981658935547
8.559279441833496,16.56981658935547
8.574287414550781,16.56981658935547
8.58929443359375,16.56981658935547
8.604302406311035,16.56981658935547
8.619309425354004,16.56981658935547
8.634317398071289,16.56981658935547
8.649324417114258,16.56981658935547
8.664332389831543,16.56981658935547
8.679339408874512,16.56981658935547
8.694347381591797,16.56981658935547
8.709354400634766,16.56981658935547
8.72436237335205,16.56981658935547
8.73936939239502,16.56981658935547
8.754377365112305,16.56981658935547
8.769384384155273,16.56981658935547
8.784392356872559,16.56981658935547
8.799399375915527,16.56981658935547
8.814407348632812,16.56981658935547
8.829414367675781,16.56981658935547
8.844422340393066,16.56981658935547
8.859429359436035,16.56981658935547
8.87443733215332,16.56981658935547
8.889444351196289,16.56981658935547
8.904452323913574,16.56981658935547
8.919459342956543,16.56981658935547
8.934467315673828,16.56981658935547
8.949474334716797,16.56981658935547
8.964482307434082,16.56981658935547
8.97948932647705,16.56981658935547
8.994497299194336,16.56981658935547
9.009504318237305,16.56981658935547
9.02451229095459,16.56981658935547
9.039519309997559,16.56981658935547
9.054527282714844,16.56981658935547
9.069534301757812,16.56981658935547
9.084542274475098,16.56981658935547
9.099550247192383,16.56981658935547
9.114557266235352,16.56981658935547
9.129565238952637,16.56981658935547
9.144572257995605,16.56981658935547
9.15958023071289,16.56981658935547
9.17458724975586,16.56981658935547
9.189595222473145,16.56981658935547
9.204602241516113,16.56981658935547
9.219610214233398,16.56981658935547
9.234617233276367,16.56981658935547
9.249625205993652,16.56981658935547
9.264632225036621,16.56981658935547
9.279640197753906,16.56981658935547
9.294647216796875,16.56981658935547
9.30965518951416,16.56981658935547
9.324662208557129,16.56981658935547
9.339670181274414,16.56981658935547
9.354677200317383,16.56981658935547
9.369685173034668,16.56981658935547
9.384692192077637,16.56981658935547
9.399700164794922,16.56981658935547
9.41470718383789,16.56981658935547
9.429715156555176,16.56981658935547
9.444722175598145,16.56981658935547
9.45973014831543,16.56981658935547
9.474737167358398,16.56981658935547
9.489745140075684,16.56981658935547
9.504752159118652,16.56981658935547
9.519760131835938,16.56981658935547
9.534767150878906,16.56981658935547
9.549775123596191,16.56981658935547
9.56478214263916,16.56981658935547
9.579790115356445,16.56981658935547
9.594797134399414,16.56981658935547
9.6098051071167,16.56981658935547
9.624812126159668,16.56981658935547
9.639820098876953,16.56981658935547
9.654827117919922,16.56981658935547
9.669835090637207,16.56981658935547
9.684842109680176,16.56981658935547
9.699850082397461,16.56981658935547
9.71485710144043,16.56981658935547
9.729865074157715,16.56981658935547
9.744872093200684,16.56981658935547
9.759880065917969,16.56981658935547
9.774887084960938,16.56981658935547
9.789895057678223,16.56981658935547
9.804902076721191,16.56981658935547
9.819910049438477,16.56981658935547
9.834917068481445,16.56981658935547
9.84992504119873,16.56981658935547
9.8649320602417,16.56981658935547
9.879940032958984,16.56981658935547
9.894947052001953,16.56981658935547
9.909955024719238,16.56981658935547
9.924962043762207,16.56981658935547
9.939970016479492,16.56981658935547
9.954977035522461,16.56981658935547
9.969985008239746,16.56981658935547
9.984992027282715,16.56981658935547
10.0,16.56981658935547
